recordcount,Throughput
60000,1178.828245
70000,1220.44773
80000,1192.30368
90000,1256.772608
100000,1225.565292
